company_id,company_name,aliases,english_name,district,park,address,latitude,industry_track,industry_subtrack,supply_chain_role,products,capabilities,input_materials,output_products,target_customer_industries,summary,source_id,source_url,source_date,verified_date,confidence,notes
C001,北汽重型汽车有限公司,,,新北区,,,,汽车制造与核心零部件,重型汽车,汽车制造,数字孪生智慧重卡,智能工厂,,,,入选2023年常州市智能工厂拟认定名单；公示的工厂名称为数字孪生智慧重卡智能工厂；辖市区为新北区。,S001,https://www.changzhou.gov.cn/yshj/policy/content/ggshow/127341,2024-01-17,2026-09-02,high,
C002,常州昌瑞汽车部品制造有限公司,,,钟楼区,,,,汽车制造与核心零部件,汽车安全部件,汽车零部件制造,车用安全气囊,智能工厂,,,,入选2023年常州市智能工厂拟认定名单；公示的工厂名称为车用安全气囊智能制造工厂；辖市区为钟楼区。,S001,https://www.changzhou.gov.cn/yshj/policy/content/ggshow/127341,2024-01-17,2026-09-02,high,
C003,信维通信（江苏）有限公司,,,金坛区,,,,电子信息与新材料,无线充电材料及模组,材料及模组制造,无线充电材料及模组,智能工厂,,,,入选2023年常州市智能工厂拟认定名单；公示的工厂名称为无线充电材料及模组智能工厂；辖市区为金坛区。,S001,https://www.changzhou.gov.cn/yshj/policy/content/ggshow/127341,2024-01-17,2026-09-02,high,
C004,蜂巢能源科技股份有限公司,,,金坛区,,,,新能源汽车与新能源,车规级动力电池,动力电池制造,车规级动力电池,智能工厂,,,,入选2023年常州市智能工厂拟认定名单；公示的工厂名称为车规级动力电池AI智能工厂；辖市区为金坛区。,S001,https://www.changzhou.gov.cn/yshj/policy/content/ggshow/127341,2024-01-17,2026-09-02,high,
C005,梅特勒-托利多（常州）测量技术有限公司,,,新北区,,,,智能制造与高端装备,精密衡器,精密仪器制造,数字化精密衡器,智能工厂,,,,入选2023年常州市智能工厂拟认定名单；公示的工厂名称为数字化精密衡器制造智能工厂；辖市区为新北区。,S001,https://www.changzhou.gov.cn/yshj/policy/content/ggshow/127341,2024-01-17,2026-09-02,high,
C006,当升科技（常州）新材料有限公司,,,金坛区,,,,新能源汽车与新能源,高镍锂电正极材料,电池材料制造,高镍锂电正极材料,智能工厂,,,,入选2023年常州市智能工厂拟认定名单；公示的工厂名称为高镍锂电正极材料智能工厂；辖市区为金坛区。,S001,https://www.changzhou.gov.cn/yshj/policy/content/ggshow/127341,2024-01-17,2026-09-02,high,
C007,常州神力电机股份有限公司,,,常州经开区,,,,智能制造与高端装备,电机定转子,电机部件制造,超大型电机定转子,智能工厂,,,,入选2023年常州市智能工厂拟认定名单；公示的工厂名称为超大型电机定转子制造智能工厂；辖市区为常州经开区。,S001,https://www.changzhou.gov.cn/yshj/policy/content/ggshow/127341,2024-01-17,2026-09-02,high,
C008,北京理想汽车有限公司常州分公司,,,武进区,,,,新能源汽车与新能源,新能源汽车整车,新能源汽车制造,新能源汽车,智能工厂,,,,入选2023年常州市智能工厂拟认定名单；公示的工厂名称为新能源汽车智能制造工厂；辖市区为武进区。,S001,https://www.changzhou.gov.cn/yshj/policy/content/ggshow/127341,2024-01-17,2026-09-02,high,
C009,江苏上上电缆集团有限公司,,,溧阳市,,,,新型电力装备,特种电缆,电缆制造,特种电缆,智能工厂,,,,入选2023年常州市智能工厂拟认定名单；公示的工厂名称为特种电缆智能工厂；辖市区为溧阳市。,S001,https://www.changzhou.gov.cn/yshj/policy/content/ggshow/127341,2024-01-17,2026-09-02,high,
C010,常州祥明智能动力股份有限公司,,,常州经开区,,,,智能制造与高端装备,电机,电机制造,电机,智能工厂,,,,入选2023年常州市智能工厂拟认定名单；公示的工厂名称为电机智能工厂；辖市区为常州经开区。,S001,https://www.changzhou.gov.cn/yshj/policy/content/ggshow/127341,2024-01-17,2026-09-02,high,
C011,伊顿电力设备有限公司,,,天宁区,,,,新型电力装备,电力设备,电力设备制造,电力设备,智能工厂,,,,入选2023年常州市智能工厂拟认定名单；公示的工厂名称为电力设备智能工厂；辖市区为天宁区。,S001,https://www.changzhou.gov.cn/yshj/policy/content/ggshow/127341,2024-01-17,2026-09-02,high,
C012,江苏常发农业装备股份有限公司,,,武进区,,,,智能制造与高端装备,农业装备,农业机械制造,轮式拖拉机,智能工厂,,,,入选2023年常州市智能工厂拟认定名单；公示的工厂名称为轮式拖拉机智能工厂；辖市区为武进区。,S001,https://www.changzhou.gov.cn/yshj/policy/content/ggshow/127341,2024-01-17,2026-09-02,high,
C013,常州强力先端电子材料有限公司,,,天宁区,,,,新材料与化工新材料,光刻胶关键材料,电子材料制造,高端光刻胶引发剂及树脂等光刻胶用关键材料,智能工厂,,,,入选2023年常州市智能工厂拟认定名单；公示的工厂名称为高端光刻胶引发剂和树脂等光刻胶用关键材料智能工厂；辖市区为天宁区。,S001,https://www.changzhou.gov.cn/yshj/policy/content/ggshow/127341,2024-01-17,2026-09-02,high,
C014,江苏华鹏智能仪表科技股份有限公司,,,溧阳市,,,,新型电力装备,智能电能表,仪表制造,智能单三相电能表及配套产品,智能工厂,,,,入选2023年常州市智能工厂拟认定名单；公示的工厂名称为智能单三相电能表及配套产品智能工厂；辖市区为溧阳市。,S001,https://www.changzhou.gov.cn/yshj/policy/content/ggshow/127341,2024-01-17,2026-09-02,high,
C015,常州移远通信技术有限公司,,,武进区,,,,电子信息与半导体,5G模组,通信模组制造,5G模组,智能工厂,,,,入选2023年常州市智能工厂拟认定名单；公示的工厂名称为5G模组智能工厂；辖市区为武进区。,S001,https://www.changzhou.gov.cn/yshj/policy/content/ggshow/127341,2024-01-17,2026-09-02,high,
C016,蒂森克虏伯转向系统（常州）有限公司,,,新北区,,,,汽车制造与核心零部件,转向系统,汽车零部件制造,电调及管柱式转向机,智能工厂,,,,入选2023年常州市智能工厂拟认定名单；公示的工厂名称为电调/管柱式转向机智能工厂；辖市区为新北区。,S001,https://www.changzhou.gov.cn/yshj/policy/content/ggshow/127341,2024-01-17,2026-09-02,high,
C017,常州敏杰电器有限公司,,,武进区,,,,智能制造与高端装备,电梯控制及照明系统,电梯配套制造,电梯控制及照明系统,智能工厂,,,,入选2023年常州市智能工厂拟认定名单；公示的工厂名称为电梯控制及照明系统智能工厂；辖市区为武进区。,S001,https://www.changzhou.gov.cn/yshj/policy/content/ggshow/127341,2024-01-17,2026-09-02,high,
C018,常州亿晶光电科技有限公司,,,金坛区,,,,新能源汽车与新能源,太阳能光伏,光伏制造,太阳能光伏,智能工厂,,,,入选2023年常州市智能工厂拟认定名单；公示的工厂名称为光伏智能工厂；辖市区为金坛区。,S001,https://www.changzhou.gov.cn/yshj/policy/content/ggshow/127341,2024-01-17,2026-09-02,high,
C019,江苏恒立液压科技有限公司,,,武进区,,,,智能制造与高端装备,泵阀,液压泵阀制造,泵阀,智能工厂,,,,入选2023年常州市智能工厂拟认定名单；公示的工厂名称为泵阀智能工厂；辖市区为武进区。,S001,https://www.changzhou.gov.cn/yshj/policy/content/ggshow/127341,2024-01-17,2026-09-02,high,
C020,常州浩万新能源科技有限公司,,,天宁区,,,,新能源汽车与新能源,新能源电动车,新能源电动车制造,新能源电动车,智能工厂,,,,入选2023年常州市智能工厂拟认定名单；公示的工厂名称为新能源电动车智能工厂；辖市区为天宁区。,S001,https://www.changzhou.gov.cn/yshj/policy/content/ggshow/127341,2024-01-17,2026-09-02,high,
C021,常州旭荣针织印染有限公司,,,天宁区,,,,绿色制造与消费品,高端面料,纺织印染加工,高端面料加工,绿色智能工厂,,,,入选2023年常州市智能工厂拟认定名单；公示的工厂名称为高端面料加工绿色智能工厂；辖市区为天宁区。,S001,https://www.changzhou.gov.cn/yshj/policy/content/ggshow/127341,2024-01-17,2026-09-02,high,
C022,黑牡丹纺织有限公司,,,天宁区,,,,绿色制造与消费品,牛仔布,纺织制造,牛仔布,智能工厂,,,,入选2023年常州市智能工厂拟认定名单；公示的工厂名称为牛仔布制造智能工厂；辖市区为天宁区。,S001,https://www.changzhou.gov.cn/yshj/policy/content/ggshow/127341,2024-01-17,2026-09-02,high,
C023,常州钜苓铸造有限公司,,,天宁区,,,,智能制造与高端装备,铸造及加工,金属加工,数字化铸造及加工,智能工厂,,,,入选2023年常州市智能工厂拟认定名单；公示的工厂名称为数字化铸造及加工智能工厂；辖市区为天宁区。,S001,https://www.changzhou.gov.cn/yshj/policy/content/ggshow/127341,2024-01-17,2026-09-02,high,
C024,常州海弘电子有限公司,,,新北区,,,,电子信息与半导体,印制电路板,电子制造,厚铜印制电路板,智能工厂,,,,入选2023年常州市智能工厂拟认定名单；公示的工厂名称为厚铜印制电路板智能工厂；辖市区为新北区。,S001,https://www.changzhou.gov.cn/yshj/policy/content/ggshow/127341,2024-01-17,2026-09-02,high,
C025,常州宝捷冲片有限公司,,,武进区,,,,智能制造与高端装备,电机铁芯部件,电机部件制造,高性能电机铁芯部件,智能工厂,,,,入选2023年常州市智能工厂拟认定名单；公示的工厂名称为高性能电机铁芯部件智能工厂；辖市区为武进区。,S001,https://www.changzhou.gov.cn/yshj/policy/content/ggshow/127341,2024-01-17,2026-09-02,high,
C026,江苏宏微科技股份有限公司,,,新北区,,,,电子信息与半导体,电力半导体器件,半导体器件制造,新型电力半导体器件,智能工厂,,,,入选2023年常州市智能工厂拟认定名单；公示的工厂名称为新型电力半导体器件智能工厂；辖市区为新北区。,S001,https://www.changzhou.gov.cn/yshj/policy/content/ggshow/127341,2024-01-17,2026-09-02,high,
C027,新纶新能源材料（常州）有限公司,,,武进区,,,,新能源汽车与新能源,动力电池铝塑膜,电池材料制造,高性能动力电池铝塑膜,智能工厂,,,,入选2023年常州市智能工厂拟认定名单；公示的工厂名称为高性能动力电池铝塑膜智能工厂；辖市区为武进区。,S001,https://www.changzhou.gov.cn/yshj/policy/content/ggshow/127341,2024-01-17,2026-09-02,high,
C028,江苏卓高新材料科技有限公司,,,溧阳市,,,,新能源汽车与新能源,锂离子电池隔膜,电池材料制造,高安全性锂离子电池用功能涂层隔膜,智能工厂,,,,入选2023年常州市智能工厂拟认定名单；公示的工厂名称为高安全性锂离子电池用功能涂层隔膜智能工厂；辖市区为溧阳市。,S001,https://www.changzhou.gov.cn/yshj/policy/content/ggshow/127341,2024-01-17,2026-09-02,high,
C029,常州腾龙汽车零部件股份有限公司,,,武进区,,,,汽车制造与核心零部件,汽车热管理系统管路,汽车零部件制造,汽车热管理系统管路,智能工厂,,,,入选2023年常州市智能工厂拟认定名单；公示的工厂名称为汽车热管理系统管路智能工厂；辖市区为武进区。,S001,https://www.changzhou.gov.cn/yshj/policy/content/ggshow/127341,2024-01-17,2026-09-02,high,
C030,扬子江药业集团江苏紫龙药业有限公司,,,新北区,,,,生物医药与医疗器械,制药,药品制造,制药,智能工厂,,,,入选2023年常州市智能工厂拟认定名单；公示的工厂名称为基于质量全流程数字化的制药智能工厂；辖市区为新北区。,S001,https://www.changzhou.gov.cn/yshj/policy/content/ggshow/127341,2024-01-17,2026-09-02,high,
C031,常州雅美特窗饰股份有限公司,,,新北区,,,,绿色制造与消费品,功能性遮阳面料,面料制造,功能性遮阳面料,柔性智造工厂,,,,入选2023年常州市智能工厂拟认定名单；公示的工厂名称为功能性遮阳面料柔性智造工厂；辖市区为新北区。,S001,https://www.changzhou.gov.cn/yshj/policy/content/ggshow/127341,2024-01-17,2026-09-02,high,
C032,江苏金旺智能科技有限公司,,,金坛区,,,,智能制造与高端装备,农牧制剂数字产线装备,装备制造,农牧制剂数字产线装备,智能工厂,,,,入选2023年常州市智能工厂拟认定名单；公示的工厂名称为农牧制剂数字产线装备制造智能工厂；辖市区为金坛区。,S001,https://www.changzhou.gov.cn/yshj/policy/content/ggshow/127341,2024-01-17,2026-09-02,high,
C033,常州优谷新能源科技股份有限公司,,,新北区,,,,新能源汽车与新能源,风力发电机关键部件,新能源装备部件制造,风力发电机关键部件,智能工厂,,,,入选2023年常州市智能工厂拟认定名单；公示的工厂名称为风力发电机关键部件智能工厂；辖市区为新北区。,S001,https://www.changzhou.gov.cn/yshj/policy/content/ggshow/127341,2024-01-17,2026-09-02,high,
C034,御马精密科技（江苏）股份有限公司,,,常州经开区,,,,新能源汽车与新能源,新能源电机铁芯,电机部件制造,新能源电机铁芯,智能工厂,,,,入选2023年常州市智能工厂拟认定名单；公示的工厂名称为新能源电机铁芯全过程生产智能工厂；辖市区为常州经开区。,S001,https://www.changzhou.gov.cn/yshj/policy/content/ggshow/127341,2024-01-17,2026-09-02,high,
C035,贺尔碧格传动技术（常州）有限公司,,,新北区,,,,汽车制造与核心零部件,汽车同步器,汽车零部件制造,汽车同步器,精益智能工厂,,,,入选2023年常州市智能工厂拟认定名单；公示的工厂名称为汽车同步器精益智能工厂；辖市区为新北区。,S001,https://www.changzhou.gov.cn/yshj/policy/content/ggshow/127341,2024-01-17,2026-09-02,high,
C036,江苏赛拉弗光伏系统有限公司,,,常州经开区,,,,新能源汽车与新能源,太阳能光伏组件,光伏制造,太阳能光伏组件,智能工厂,,,,入选2023年常州市智能工厂拟认定名单；公示的工厂名称为太阳能光伏组件智能工厂；辖市区为常州经开区。,S001,https://www.changzhou.gov.cn/yshj/policy/content/ggshow/127341,2024-01-17,2026-09-02,high,
C037,永臻科技股份有限公司,,,金坛区,,,,新能源汽车与新能源,太阳能光伏铝边框,光伏部件制造,太阳能光伏铝边框,智能工厂,,,,入选2023年常州市智能工厂拟认定名单；公示的工厂名称为太阳能光伏铝边框智能工厂；辖市区为金坛区。,S001,https://www.changzhou.gov.cn/yshj/policy/content/ggshow/127341,2024-01-17,2026-09-02,high,
C038,圣戈班科技材料（常州）有限公司,,,新北区,,,,新材料与化工新材料,石膏建材,建材制造,石膏建材,智能工厂,,,,入选2023年常州市智能工厂拟认定名单；公示的工厂名称为石膏建材智能工厂；辖市区为新北区。,S001,https://www.changzhou.gov.cn/yshj/policy/content/ggshow/127341,2024-01-17,2026-09-02,high,
C039,常州盛天传动科技有限公司,,,天宁区,,,,智能制造与高端装备,精密链轮,传动部件制造,精密链轮,智能工厂,,,,入选2023年常州市智能工厂拟认定名单；公示的工厂名称为精密链轮智能工厂；辖市区为天宁区。,S001,https://www.changzhou.gov.cn/yshj/policy/content/ggshow/127341,2024-01-17,2026-09-02,high,
C040,江苏南方光纤科技有限公司,,,金坛区,,,,电子信息与半导体,高性能光纤,光纤制造,高性能光纤,智能工厂,,,,入选2023年常州市智能工厂拟认定名单；公示的工厂名称为高性能光纤智能工厂；辖市区为金坛区。,S001,https://www.changzhou.gov.cn/yshj/policy/content/ggshow/127341,2024-01-17,2026-09-02,high,
C041,常州润来科技有限公司,,,武进区,,,,新材料与化工新材料,精密无缝铜管,金属材料加工,精密无缝铜管,智能工厂,,,,入选2023年常州市智能工厂拟认定名单；公示的工厂名称为精密无缝铜管生产智能工厂；辖市区为武进区。,S001,https://www.changzhou.gov.cn/yshj/policy/content/ggshow/127341,2024-01-17,2026-09-02,high,
C042,常州银河世纪微电子股份有限公司,,,新北区,,,,电子信息与半导体,半导体分立器件封测,半导体封测,新型半导体分立器件封测,智能工厂,,,,入选2023年常州市智能工厂拟认定名单；公示的工厂名称为新型半导体分立器件封测智能工厂；辖市区为新北区。,S001,https://www.changzhou.gov.cn/yshj/policy/content/ggshow/127341,2024-01-17,2026-09-02,high,
C043,斯泰必鲁斯（江苏）有限公司,,,武进区,,,,智能制造与高端装备,气弹簧,零部件制造,气弹簧,智能工厂,,,,入选2023年常州市智能工厂拟认定名单；公示的工厂名称为气弹簧智能工厂；辖市区为武进区。,S001,https://www.changzhou.gov.cn/yshj/policy/content/ggshow/127341,2024-01-17,2026-09-02,high,
C044,贝特瑞（江苏）新能源材料有限公司,,,金坛区,,,,新能源汽车与新能源,锂离子电池负极材料,电池材料制造,锂离子电池负极材料,智能工厂,,,,入选2023年常州市智能工厂拟认定名单；公示的工厂名称为锂离子电池负极材料智能工厂；辖市区为金坛区。,S001,https://www.changzhou.gov.cn/yshj/policy/content/ggshow/127341,2024-01-17,2026-09-02,high,
C045,江苏创健医疗科技股份有限公司,,,金坛区,,,,生物医药与医疗器械,医疗重组胶原蛋白,医疗材料制造,医疗重组胶原蛋白,智能工厂,,,,入选2023年常州市智能工厂拟认定名单；公示的工厂名称为医疗重组胶原蛋白生产智能工厂；辖市区为金坛区。,S001,https://www.changzhou.gov.cn/yshj/policy/content/ggshow/127341,2024-01-17,2026-09-02,high,
C046,常州市贝特瑞新材料科技有限公司,,,金坛区,,,,新能源汽车与新能源,高镍三元正极材料,电池材料制造,高镍三元正极材料,智能工厂,,,,入选2023年常州市智能工厂拟认定名单；公示的工厂名称为高镍三元正极材料智能工厂；辖市区为金坛区。,S001,https://www.changzhou.gov.cn/yshj/policy/content/ggshow/127341,2024-01-17,2026-09-02,high,
C047,江苏晶雪节能科技股份有限公司,,,武进区,,,,新材料与化工新材料,节能保温板材,建材制造,节能保温板材,智能工厂,,,,入选2023年常州市智能工厂拟认定名单；公示的工厂名称为节能保温板材智能工厂；辖市区为武进区。,S001,https://www.changzhou.gov.cn/yshj/policy/content/ggshow/127341,2024-01-17,2026-09-02,high,
C048,大力新科技（江苏）有限公司,,,金坛区,,,,绿色制造与消费品,化妆品外包装注塑成型,包装制造,化妆品外包装注塑成型,智能工厂,,,,入选2023年常州市智能工厂拟认定名单；公示的工厂名称为化妆品外包装注塑成型智能工厂；辖市区为金坛区。,S001,https://www.changzhou.gov.cn/yshj/policy/content/ggshow/127341,2024-01-17,2026-09-02,high,
C049,江苏凯达重工股份有限公司,,,武进区,,,,智能制造与高端装备,特种型钢轧辊,金属加工装备部件制造,特种型钢轧辊,智能工厂,,,,入选2023年常州市智能工厂拟认定名单；公示的工厂名称为特种型钢轧辊智能化工厂；辖市区为武进区。,S001,https://www.changzhou.gov.cn/yshj/policy/content/ggshow/127341,2024-01-17,2026-09-02,high,
C050,时代上汽动力电池有限公司,,,常州市（市级名单未分区）,,,,绿色制造（待细分）,2023年常州市绿色工厂（第五批）拟入围,待补充,,绿色工厂拟入围（公示）,,,,已列入2023年常州市绿色工厂（第五批）拟入围名单；公开名单未提供区县、地址或产品信息。,S002,https://www.changzhou.gov.cn/gi_news/49170495662878,2024-01-11,2026-09-02,medium,仅作公开名单候选；需以企业官网或授权数据补全
C051,江苏诚功阀门科技有限公司,,,常州市（市级名单未分区）,,,,绿色制造（待细分）,2023年常州市绿色工厂（第五批）拟入围,待补充,,绿色工厂拟入围（公示）,,,,已列入2023年常州市绿色工厂（第五批）拟入围名单；公开名单未提供区县、地址或产品信息。,S002,https://www.changzhou.gov.cn/gi_news/49170495662878,2024-01-11,2026-09-02,medium,仅作公开名单候选；需以企业官网或授权数据补全
C052,江苏三乔智能科技有限公司,,,常州市（市级名单未分区）,,,,绿色制造（待细分）,2023年常州市绿色工厂（第五批）拟入围,待补充,,绿色工厂拟入围（公示）,,,,已列入2023年常州市绿色工厂（第五批）拟入围名单；公开名单未提供区县、地址或产品信息。,S002,https://www.changzhou.gov.cn/gi_news/49170495662878,2024-01-11,2026-09-02,medium,仅作公开名单候选；需以企业官网或授权数据补全
C053,常州太平通讯科技有限公司,,,常州市（市级名单未分区）,,,,绿色制造（待细分）,2023年常州市绿色工厂（第五批）拟入围,待补充,,绿色工厂拟入围（公示）,,,,已列入2023年常州市绿色工厂（第五批）拟入围名单；公开名单未提供区县、地址或产品信息。,S002,https://www.changzhou.gov.cn/gi_news/49170495662878,2024-01-11,2026-09-02,medium,仅作公开名单候选；需以企业官网或授权数据补全
C054,常州长青科技股份有限公司,,,常州市（市级名单未分区）,,,,绿色制造（待细分）,2023年常州市绿色工厂（第五批）拟入围,待补充,,绿色工厂拟入围（公示）,,,,已列入2023年常州市绿色工厂（第五批）拟入围名单；公开名单未提供区县、地址或产品信息。,S002,https://www.changzhou.gov.cn/gi_news/49170495662878,2024-01-11,2026-09-02,medium,仅作公开名单候选；需以企业官网或授权数据补全
C055,纽威精密锻造（溧阳）有限公司,,,常州市（市级名单未分区）,,,,绿色制造（待细分）,2023年常州市绿色工厂（第五批）拟入围,待补充,,绿色工厂拟入围（公示）,,,,已列入2023年常州市绿色工厂（第五批）拟入围名单；公开名单未提供区县、地址或产品信息。,S002,https://www.changzhou.gov.cn/gi_news/49170495662878,2024-01-11,2026-09-02,medium,仅作公开名单候选；需以企业官网或授权数据补全
C056,嘉士伯天目湖啤酒（江苏）有限公司,,,常州市（市级名单未分区）,,,,绿色制造（待细分）,2023年常州市绿色工厂（第五批）拟入围,待补充,,绿色工厂拟入围（公示）,,,,已列入2023年常州市绿色工厂（第五批）拟入围名单；公开名单未提供区县、地址或产品信息。,S002,https://www.changzhou.gov.cn/gi_news/49170495662878,2024-01-11,2026-09-02,medium,仅作公开名单候选；需以企业官网或授权数据补全
C057,江苏友发钢管有限公司,,,常州市（市级名单未分区）,,,,绿色制造（待细分）,2023年常州市绿色工厂（第五批）拟入围,待补充,,绿色工厂拟入围（公示）,,,,已列入2023年常州市绿色工厂（第五批）拟入围名单；公开名单未提供区县、地址或产品信息。,S002,https://www.changzhou.gov.cn/gi_news/49170495662878,2024-01-11,2026-09-02,medium,仅作公开名单候选；需以企业官网或授权数据补全
C058,常州市巨泰电子有限公司,,,常州市（市级名单未分区）,,,,绿色制造（待细分）,2023年常州市绿色工厂（第五批）拟入围,待补充,,绿色工厂拟入围（公示）,,,,已列入2023年常州市绿色工厂（第五批）拟入围名单；公开名单未提供区县、地址或产品信息。,S002,https://www.changzhou.gov.cn/gi_news/49170495662878,2024-01-11,2026-09-02,medium,仅作公开名单候选；需以企业官网或授权数据补全
C059,诺贝丽斯（中国）铝制品有限公司,,,常州市（市级名单未分区）,,,,绿色制造（待细分）,2023年常州市绿色工厂（第五批）拟入围,待补充,,绿色工厂拟入围（公示）,,,,已列入2023年常州市绿色工厂（第五批）拟入围名单；公开名单未提供区县、地址或产品信息。,S002,https://www.changzhou.gov.cn/gi_news/49170495662878,2024-01-11,2026-09-02,medium,仅作公开名单候选；需以企业官网或授权数据补全
C060,江苏博之旺自动化设备有限公司,,,常州市（市级名单未分区）,,,,绿色制造（待细分）,2023年常州市绿色工厂（第五批）拟入围,待补充,,绿色工厂拟入围（公示）,,,,已列入2023年常州市绿色工厂（第五批）拟入围名单；公开名单未提供区县、地址或产品信息。,S002,https://www.changzhou.gov.cn/gi_news/49170495662878,2024-01-11,2026-09-02,medium,仅作公开名单候选；需以企业官网或授权数据补全
C061,特雷克斯（常州）机械有限公司,,,常州市（市级名单未分区）,,,,绿色制造（待细分）,2023年常州市绿色工厂（第五批）拟入围,待补充,,绿色工厂拟入围（公示）,,,,已列入2023年常州市绿色工厂（第五批）拟入围名单；公开名单未提供区县、地址或产品信息。,S002,https://www.changzhou.gov.cn/gi_news/49170495662878,2024-01-11,2026-09-02,medium,仅作公开名单候选；需以企业官网或授权数据补全
C062,常州厚德再生资源科技有限公司,,,常州市（市级名单未分区）,,,,绿色制造（待细分）,2023年常州市绿色工厂（第五批）拟入围,待补充,,绿色工厂拟入围（公示）,,,,已列入2023年常州市绿色工厂（第五批）拟入围名单；公开名单未提供区县、地址或产品信息。,S002,https://www.changzhou.gov.cn/gi_news/49170495662878,2024-01-11,2026-09-02,medium,仅作公开名单候选；需以企业官网或授权数据补全
C063,常州恒邦药业有限公司,,,常州市（市级名单未分区）,,,,绿色制造（待细分）,2023年常州市绿色工厂（第五批）拟入围,待补充,,绿色工厂拟入围（公示）,,,,已列入2023年常州市绿色工厂（第五批）拟入围名单；公开名单未提供区县、地址或产品信息。,S002,https://www.changzhou.gov.cn/gi_news/49170495662878,2024-01-11,2026-09-02,medium,仅作公开名单候选；需以企业官网或授权数据补全
C064,江苏联赢激光股份有限公司,,,常州市（市级名单未分区）,,,,绿色制造（待细分）,2023年常州市绿色工厂（第五批）拟入围,待补充,,绿色工厂拟入围（公示）,,,,已列入2023年常州市绿色工厂（第五批）拟入围名单；公开名单未提供区县、地址或产品信息。,S002,https://www.changzhou.gov.cn/gi_news/49170495662878,2024-01-11,2026-09-02,medium,仅作公开名单候选；需以企业官网或授权数据补全
C065,江苏兆年智能科技有限公司,,,常州市（市级名单未分区）,,,,绿色制造（待细分）,2023年常州市绿色工厂（第五批）拟入围,待补充,,绿色工厂拟入围（公示）,,,,已列入2023年常州市绿色工厂（第五批）拟入围名单；公开名单未提供区县、地址或产品信息。,S002,https://www.changzhou.gov.cn/gi_news/49170495662878,2024-01-11,2026-09-02,medium,仅作公开名单候选；需以企业官网或授权数据补全
C066,江苏联盟化学有限公司,,,常州市（市级名单未分区）,,,,绿色制造（待细分）,2023年常州市绿色工厂（第五批）拟入围,待补充,,绿色工厂拟入围（公示）,,,,已列入2023年常州市绿色工厂（第五批）拟入围名单；公开名单未提供区县、地址或产品信息。,S002,https://www.changzhou.gov.cn/gi_news/49170495662878,2024-01-11,2026-09-02,medium,仅作公开名单候选；需以企业官网或授权数据补全
C067,常茂生物化学工程股份有限公司,,,常州市（市级名单未分区）,,,,绿色制造（待细分）,2023年常州市绿色工厂（第五批）拟入围,待补充,,绿色工厂拟入围（公示）,,,,已列入2023年常州市绿色工厂（第五批）拟入围名单；公开名单未提供区县、地址或产品信息。,S002,https://www.changzhou.gov.cn/gi_news/49170495662878,2024-01-11,2026-09-02,medium,仅作公开名单候选；需以企业官网或授权数据补全
C068,江苏德春电力科技股份有限公司,,,常州市（市级名单未分区）,,,,绿色制造（待细分）,2023年常州市绿色工厂（第五批）拟入围,待补充,,绿色工厂拟入围（公示）,,,,已列入2023年常州市绿色工厂（第五批）拟入围名单；公开名单未提供区县、地址或产品信息。,S002,https://www.changzhou.gov.cn/gi_news/49170495662878,2024-01-11,2026-09-02,medium,仅作公开名单候选；需以企业官网或授权数据补全
C069,常州中车铁马科技实业有限公司,,,常州市（市级名单未分区）,,,,绿色制造（待细分）,2023年常州市绿色工厂（第五批）拟入围,待补充,,绿色工厂拟入围（公示）,,,,已列入2023年常州市绿色工厂（第五批）拟入围名单；公开名单未提供区县、地址或产品信息。,S002,https://www.changzhou.gov.cn/gi_news/49170495662878,2024-01-11,2026-09-02,medium,仅作公开名单候选；需以企业官网或授权数据补全
C070,溧阳市虹翔机械制造有限公司,,,常州市（市级名单未分区）,,,,绿色制造（待细分）,2023年常州市绿色工厂（第五批）拟入围,待补充,,绿色工厂拟入围（公示）,,,,已列入2023年常州市绿色工厂（第五批）拟入围名单；公开名单未提供区县、地址或产品信息。,S002,https://www.changzhou.gov.cn/gi_news/49170495662878,2024-01-11,2026-09-02,medium,仅作公开名单候选；需以企业官网或授权数据补全
C071,江苏丽阳电子仪表有限公司,,,常州市（市级名单未分区）,,,,绿色制造（待细分）,2023年常州市绿色工厂（第五批）拟入围,待补充,,绿色工厂拟入围（公示）,,,,已列入2023年常州市绿色工厂（第五批）拟入围名单；公开名单未提供区县、地址或产品信息。,S002,https://www.changzhou.gov.cn/gi_news/49170495662878,2024-01-11,2026-09-02,medium,仅作公开名单候选；需以企业官网或授权数据补全
C072,江苏国强兴晟能源科技有限公司,,,常州市（市级名单未分区）,,,,绿色制造（待细分）,2023年常州市绿色工厂（第五批）拟入围,待补充,,绿色工厂拟入围（公示）,,,,已列入2023年常州市绿色工厂（第五批）拟入围名单；公开名单未提供区县、地址或产品信息。,S002,https://www.changzhou.gov.cn/gi_news/49170495662878,2024-01-11,2026-09-02,medium,仅作公开名单候选；需以企业官网或授权数据补全
C073,溧阳市中豪热处理有限公司,,,常州市（市级名单未分区）,,,,绿色制造（待细分）,2023年常州市绿色工厂（第五批）拟入围,待补充,,绿色工厂拟入围（公示）,,,,已列入2023年常州市绿色工厂（第五批）拟入围名单；公开名单未提供区县、地址或产品信息。,S002,https://www.changzhou.gov.cn/gi_news/49170495662878,2024-01-11,2026-09-02,medium,仅作公开名单候选；需以企业官网或授权数据补全
C074,江苏利步瑞服装有限公司,,,常州市（市级名单未分区）,,,,绿色制造（待细分）,2023年常州市绿色工厂（第五批）拟入围,待补充,,绿色工厂拟入围（公示）,,,,已列入2023年常州市绿色工厂（第五批）拟入围名单；公开名单未提供区县、地址或产品信息。,S002,https://www.changzhou.gov.cn/gi_news/49170495662878,2024-01-11,2026-09-02,medium,仅作公开名单候选；需以企业官网或授权数据补全
C075,常州艾贝服饰有限公司,,,常州市（市级名单未分区）,,,,绿色制造（待细分）,2023年常州市绿色工厂（第五批）拟入围,待补充,,绿色工厂拟入围（公示）,,,,已列入2023年常州市绿色工厂（第五批）拟入围名单；公开名单未提供区县、地址或产品信息。,S002,https://www.changzhou.gov.cn/gi_news/49170495662878,2024-01-11,2026-09-02,medium,仅作公开名单候选；需以企业官网或授权数据补全
C076,信承瑞技术有限公司,,,常州市（市级名单未分区）,,,,绿色制造（待细分）,2023年常州市绿色工厂（第五批）拟入围,待补充,,绿色工厂拟入围（公示）,,,,已列入2023年常州市绿色工厂（第五批）拟入围名单；公开名单未提供区县、地址或产品信息。,S002,https://www.changzhou.gov.cn/gi_news/49170495662878,2024-01-11,2026-09-02,medium,仅作公开名单候选；需以企业官网或授权数据补全
C077,华润化学材料科技股份有限公司,,,常州市（市级名单未分区）,,,,绿色制造（待细分）,2023年常州市绿色工厂（第五批）拟入围,待补充,,绿色工厂拟入围（公示）,,,,已列入2023年常州市绿色工厂（第五批）拟入围名单；公开名单未提供区县、地址或产品信息。,S002,https://www.changzhou.gov.cn/gi_news/49170495662878,2024-01-11,2026-09-02,medium,仅作公开名单候选；需以企业官网或授权数据补全
C078,常州齐晖药业有限公司,,,常州市（市级名单未分区）,,,,绿色制造（待细分）,2023年常州市绿色工厂（第五批）拟入围,待补充,,绿色工厂拟入围（公示）,,,,已列入2023年常州市绿色工厂（第五批）拟入围名单；公开名单未提供区县、地址或产品信息。,S002,https://www.changzhou.gov.cn/gi_news/49170495662878,2024-01-11,2026-09-02,medium,仅作公开名单候选；需以企业官网或授权数据补全
C079,溧阳市北方机械有限公司,,,常州市（市级名单未分区）,,,,绿色制造（待细分）,2023年常州市绿色工厂（第五批）拟入围,待补充,,绿色工厂拟入围（公示）,,,,已列入2023年常州市绿色工厂（第五批）拟入围名单；公开名单未提供区县、地址或产品信息。,S002,https://www.changzhou.gov.cn/gi_news/49170495662878,2024-01-11,2026-09-02,medium,仅作公开名单候选；需以企业官网或授权数据补全
C080,江苏协和电子股份有限公司,,,常州市（市级名单未分区）,,,,绿色制造（待细分）,2023年常州市绿色工厂（第五批）拟入围,待补充,,绿色工厂拟入围（公示）,,,,已列入2023年常州市绿色工厂（第五批）拟入围名单；公开名单未提供区县、地址或产品信息。,S002,https://www.changzhou.gov.cn/gi_news/49170495662878,2024-01-11,2026-09-02,medium,仅作公开名单候选；需以企业官网或授权数据补全
C081,常州豪爵铃木摩托车有限公司,,,常州市（市级名单未分区）,,,,绿色制造（待细分）,2023年常州市绿色工厂（第五批）拟入围,待补充,,绿色工厂拟入围（公示）,,,,已列入2023年常州市绿色工厂（第五批）拟入围名单；公开名单未提供区县、地址或产品信息。,S002,https://www.changzhou.gov.cn/gi_news/49170495662878,2024-01-11,2026-09-02,medium,仅作公开名单候选；需以企业官网或授权数据补全
C082,中车常州车辆有限公司,,,常州市（市级名单未分区）,,,,绿色制造（待细分）,2023年常州市绿色工厂（第五批）拟入围,待补充,,绿色工厂拟入围（公示）,,,,已列入2023年常州市绿色工厂（第五批）拟入围名单；公开名单未提供区县、地址或产品信息。,S002,https://www.changzhou.gov.cn/gi_news/49170495662878,2024-01-11,2026-09-02,medium,仅作公开名单候选；需以企业官网或授权数据补全
C083,江苏威泽智能科技股份有限公司,,,常州市（市级名单未分区）,,,,绿色制造（待细分）,2023年常州市绿色工厂（第五批）拟入围,待补充,,绿色工厂拟入围（公示）,,,,已列入2023年常州市绿色工厂（第五批）拟入围名单；公开名单未提供区县、地址或产品信息。,S002,https://www.changzhou.gov.cn/gi_news/49170495662878,2024-01-11,2026-09-02,medium,仅作公开名单候选；需以企业官网或授权数据补全
C084,博世力士乐（常州）有限公司,,,常州市（市级名单未分区）,,,,绿色制造（待细分）,2023年常州市绿色工厂（第五批）拟入围,待补充,,绿色工厂拟入围（公示）,,,,已列入2023年常州市绿色工厂（第五批）拟入围名单；公开名单未提供区县、地址或产品信息。,S002,https://www.changzhou.gov.cn/gi_news/49170495662878,2024-01-11,2026-09-02,medium,仅作公开名单候选；需以企业官网或授权数据补全
C085,常州克劳诺斯特种轴承制造有限公司,,,常州市（市级名单未分区）,,,,绿色制造（待细分）,2023年常州市绿色工厂（第五批）拟入围,待补充,,绿色工厂拟入围（公示）,,,,已列入2023年常州市绿色工厂（第五批）拟入围名单；公开名单未提供区县、地址或产品信息。,S002,https://www.changzhou.gov.cn/gi_news/49170495662878,2024-01-11,2026-09-02,medium,仅作公开名单候选；需以企业官网或授权数据补全
C086,常州华德机械有限公司,,,常州市（市级名单未分区）,,,,绿色制造（待细分）,2023年常州市绿色工厂（第五批）拟入围,待补充,,绿色工厂拟入围（公示）,,,,已列入2023年常州市绿色工厂（第五批）拟入围名单；公开名单未提供区县、地址或产品信息。,S002,https://www.changzhou.gov.cn/gi_news/49170495662878,2024-01-11,2026-09-02,medium,仅作公开名单候选；需以企业官网或授权数据补全
C087,常州裕源灵泰面料科技有限公司,,,常州市（市级名单未分区）,,,,绿色制造（待细分）,2023年常州市绿色工厂（第五批）拟入围,待补充,,绿色工厂拟入围（公示）,,,,已列入2023年常州市绿色工厂（第五批）拟入围名单；公开名单未提供区县、地址或产品信息。,S002,https://www.changzhou.gov.cn/gi_news/49170495662878,2024-01-11,2026-09-02,medium,仅作公开名单候选；需以企业官网或授权数据补全
C088,江苏尼高科技有限公司,,,常州市（市级名单未分区）,,,,绿色制造（待细分）,2023年常州市绿色工厂（第五批）拟入围,待补充,,绿色工厂拟入围（公示）,,,,已列入2023年常州市绿色工厂（第五批）拟入围名单；公开名单未提供区县、地址或产品信息。,S002,https://www.changzhou.gov.cn/gi_news/49170495662878,2024-01-11,2026-09-02,medium,仅作公开名单候选；需以企业官网或授权数据补全
C089,江苏兰陵高分子材料有限公司,,,常州市（市级名单未分区）,,,,绿色制造（待细分）,2023年常州市绿色工厂（第五批）拟入围,待补充,,绿色工厂拟入围（公示）,,,,已列入2023年常州市绿色工厂（第五批）拟入围名单；公开名单未提供区县、地址或产品信息。,S002,https://www.changzhou.gov.cn/gi_news/49170495662878,2024-01-11,2026-09-02,medium,仅作公开名单候选；需以企业官网或授权数据补全
C090,溧阳市中大电力交通装备有限公司,,,常州市（市级名单未分区）,,,,绿色制造（待细分）,2023年常州市绿色工厂（第五批）拟入围,待补充,,绿色工厂拟入围（公示）,,,,已列入2023年常州市绿色工厂（第五批）拟入围名单；公开名单未提供区县、地址或产品信息。,S002,https://www.changzhou.gov.cn/gi_news/49170495662878,2024-01-11,2026-09-02,medium,仅作公开名单候选；需以企业官网或授权数据补全
C091,江苏航天山由科技有限公司,,,常州市（市级名单未分区）,,,,绿色制造（待细分）,2023年常州市绿色工厂（第五批）拟入围,待补充,,绿色工厂拟入围（公示）,,,,已列入2023年常州市绿色工厂（第五批）拟入围名单；公开名单未提供区县、地址或产品信息。,S002,https://www.changzhou.gov.cn/gi_news/49170495662878,2024-01-11,2026-09-02,medium,仅作公开名单候选；需以企业官网或授权数据补全
C092,永祺（中国）车业股份有限公司,,,常州市（市级名单未分区）,,,,绿色制造（待细分）,2023年常州市绿色工厂（第五批）拟入围,待补充,,绿色工厂拟入围（公示）,,,,已列入2023年常州市绿色工厂（第五批）拟入围名单；公开名单未提供区县、地址或产品信息。,S002,https://www.changzhou.gov.cn/gi_news/49170495662878,2024-01-11,2026-09-02,medium,仅作公开名单候选；需以企业官网或授权数据补全
C093,江苏天辉锂电池有限公司,,,常州市（市级名单未分区）,,,,绿色制造（待细分）,2023年常州市绿色工厂（第五批）拟入围,待补充,,绿色工厂拟入围（公示）,,,,已列入2023年常州市绿色工厂（第五批）拟入围名单；公开名单未提供区县、地址或产品信息。,S002,https://www.changzhou.gov.cn/gi_news/49170495662878,2024-01-11,2026-09-02,medium,仅作公开名单候选；需以企业官网或授权数据补全
C094,江苏日盈电子股份有限公司,,,常州市（市级名单未分区）,,,,绿色制造（待细分）,2023年常州市绿色工厂（第五批）拟入围,待补充,,绿色工厂拟入围（公示）,,,,已列入2023年常州市绿色工厂（第五批）拟入围名单；公开名单未提供区县、地址或产品信息。,S002,https://www.changzhou.gov.cn/gi_news/49170495662878,2024-01-11,2026-09-02,medium,仅作公开名单候选；需以企业官网或授权数据补全
C095,江苏中鑫家居新材料股份有限公司,,,常州市（市级名单未分区）,,,,绿色制造（待细分）,2023年常州市绿色工厂（第五批）拟入围,待补充,,绿色工厂拟入围（公示）,,,,已列入2023年常州市绿色工厂（第五批）拟入围名单；公开名单未提供区县、地址或产品信息。,S002,https://www.changzhou.gov.cn/gi_news/49170495662878,2024-01-11,2026-09-02,medium,仅作公开名单候选；需以企业官网或授权数据补全
C096,常州威克医疗器械有限公司,,,常州市（市级名单未分区）,,,,绿色制造（待细分）,2023年常州市绿色工厂（第五批）拟入围,待补充,,绿色工厂拟入围（公示）,,,,已列入2023年常州市绿色工厂（第五批）拟入围名单；公开名单未提供区县、地址或产品信息。,S002,https://www.changzhou.gov.cn/gi_news/49170495662878,2024-01-11,2026-09-02,medium,仅作公开名单候选；需以企业官网或授权数据补全
C097,常州旷达威德机械有限公司,,,常州市（市级名单未分区）,,,,绿色制造（待细分）,2023年常州市绿色工厂（第五批）拟入围,待补充,,绿色工厂拟入围（公示）,,,,已列入2023年常州市绿色工厂（第五批）拟入围名单；公开名单未提供区县、地址或产品信息。,S002,https://www.changzhou.gov.cn/gi_news/49170495662878,2024-01-11,2026-09-02,medium,仅作公开名单候选；需以企业官网或授权数据补全
C098,江苏科达斯特恩汽车科技股份有限公司,,,常州市（市级名单未分区）,,,,绿色制造（待细分）,2023年常州市绿色工厂（第五批）拟入围,待补充,,绿色工厂拟入围（公示）,,,,已列入2023年常州市绿色工厂（第五批）拟入围名单；公开名单未提供区县、地址或产品信息。,S002,https://www.changzhou.gov.cn/gi_news/49170495662878,2024-01-11,2026-09-02,medium,仅作公开名单候选；需以企业官网或授权数据补全
C099,金为环保科技（常州）有限公司,,,常州市（市级名单未分区）,,,,绿色制造（待细分）,2023年常州市绿色工厂（第五批）拟入围,待补充,,绿色工厂拟入围（公示）,,,,已列入2023年常州市绿色工厂（第五批）拟入围名单；公开名单未提供区县、地址或产品信息。,S002,https://www.changzhou.gov.cn/gi_news/49170495662878,2024-01-11,2026-09-02,medium,仅作公开名单候选；需以企业官网或授权数据补全
C100,海目星激光智能装备（江苏）有限公司,,,常州市（市级名单未分区）,,,,绿色制造（待细分）,2023年常州市绿色工厂（第五批）拟入围,待补充,,绿色工厂拟入围（公示）,,,,已列入2023年常州市绿色工厂（第五批）拟入围名单；公开名单未提供区县、地址或产品信息。,S002,https://www.changzhou.gov.cn/gi_news/49170495662878,2024-01-11,2026-09-02,medium,仅作公开名单候选；需以企业官网或授权数据补全
