source_id,title,publisher,url,published_date,accessed_date,source_type,scope,notes
S001,2023年常州市智能工厂拟认定公示,常州市工业和信息化局（常州市优化营商环境政策服务平台）,https://www.changzhou.gov.cn/yshj/policy/content/ggshow/127341,2024-01-17,2026-09-02,政府公开名单,49家企业；含企业名称、智能工厂名称和辖市区,C001-C049直接依据本来源；名单为公示文本
S002,2023年常州市绿色工厂（第五批）拟入围名单公示,常州市工业和信息化局,https://www.changzhou.gov.cn/gi_news/49170495662878,2024-01-11,2026-09-02,政府公开名单,133家企业名称,C050-C100直接依据本来源；该来源不提供企业区县、地址或产品
S003,2024年政府工作报告,常州市人民政府,https://www.changzhou.gov.cn/gi_news/366170597437343,2024-01-21,2026-09-02,政府工作报告,新能源产业与智能制造的市级概况,仅用于产业概况；不用于认定单家企业能力
S004,关于对常州市十七届人大四次会议代表建议第201号的答复,常州市工业和信息化局,https://www.changzhou.gov.cn/gi_news/184176517858549,2025-06-09,2026-09-02,政府公开答复,生物医药与医疗器械产业概况,仅用于产业概况；不用于认定单家企业能力
S005,物流简介,常州奔牛国际机场,https://czjc.changzhou.gov.cn/html/czjc/2017/CDLCKLOD_0407/1679.html,2022-08-12,2026-09-02,运营主体公开介绍,常州机场航空货运能力介绍,不含企业到机场的距离或时效
S006,市发展改革委关于印发首批常州市近零碳试点园区名单的通知,常州市发展和改革委员会,https://www.changzhou.gov.cn/gi_news/737173163569810,2024-11-15,2026-09-02,政府公开名单,8个近零碳试点园区；含辖市区,园区列入试点不代表具体招商承诺
S007,《常州市“十四五”科技创新发展规划》政策解读,常州市科学技术局,https://www.changzhou.gov.cn/ns_news/419164093339039,2021-12-31,2026-09-02,政策解读,先进制造业重点技术方向,用于检索分类和产业背景；非单企事实
S008,常州市政务服务与主题服务,常州市人民政府,https://www.changzhou.gov.cn/ns_class/fwdt,,2026-09-03,政务服务门户,企业开办与生活服务事项入口,页面为事项导航；具体受理条件与时限应以办理页为准
S009,人才公寓服务与生活居住支持,常州市委组织部,https://zg.changzhou.gov.cn/index.php?a=show&c=phone&catid=2452&id=58938,2024-11-18,2026-09-03,政府公开报道,人才公寓和生活居住支持背景,不代表任一项目当前房源或个人资格承诺
S010,企业开办专区“三免”服务助力企业开办“零成本”,常州市数据局（常州市政务服务管理办公室）,https://xzsp.changzhou.gov.cn/html/xzsp/2024/AEFDJONA_0722/7868.html,2024-07-22,2026-09-03,政务服务公开报道,企业开办帮办代办与服务背景,具体适用范围需向办理窗口核验
S011,金坛区综窗改革与高效办成一件事服务进展,金坛区融媒体中心,https://www.jintan.gov.cn/html/czjt/2026/IJLEQALK_0308/295582.html,2026-03-08,2026-09-04,政府公开报道,金坛区政务服务窗口改革与办件服务进展,报道中的办件量为截至发布日累计情况；具体事项以窗口最新答复为准
S012,健康金沙：固健康之本 强民生之基,金坛区融媒体中心,https://www.jintan.gov.cn/html/czjt/2026/NDFQAFQL_0302/295289.html,2026-03-02,2026-09-04,政府公开报道,金坛区医疗与运动公共服务年度成果,报道中的设施与服务为公开成果概览；资格和可用性需核验
S013,交通建设提质增效 立体化网络赋能高质量发展,金坛区融媒体中心,https://www.jintan.gov.cn/html/czjt/2026/IJLEQALK_0220/294920.html,2026-02-20,2026-09-04,政府公开报道,金坛区2025年度交通建设与运输服务成果,年度列车和吞吐量数据不是实时班次、运力或路线承诺
S014,新北区：入选全国数字政府集约化建设典型案例,新北区（常州市人民政府门户发布）,https://www.changzhou.gov.cn/ns_news/965176846569912,2026-01-15,2026-09-04,政府公开报道,新北区政务服务大厅与高频业务场景进展,报道中的业务场景与服务数据以发布时点为准
S015,2025年度常州市新北区民生实事项目实施情况的报告,常州国家高新区（新北区）党政办公室,https://www.cznd.gov.cn/html/cznd/2026/NNODQOCH_0301/569462.html,2026-03-01,2026-09-04,政府公开报告,新北区2025年度生活和交通民生项目成果,年度项目成果不等于当前实时可用资源或交通状态
S016,常州武进：集成服务提质增效 打造高效办成一件事武进样板,常州市数据局（常州市政务服务管理办公室）,https://xzsp.changzhou.gov.cn/html/xzsp/2024/AEFDJONA_1205/8067.html,2024-12-05,2026-09-04,政府公开报道,武进区政务服务一件事集成服务进展,办件数量与上架事项为截至报道时点公开数据
S017,武进区：怀揣民生愿景 绘就幸福实景,武进区（常州市人民政府门户发布）,https://www.changzhou.gov.cn/ns_news/513176793554908,2026-01-09,2026-09-04,政府公开报道,武进区2025年度生活公共服务成果,年度成果不代表具体项目实时资格、床位或资源可用性
S018,武进区：枢纽架起腾飞翼 路网织成幸福图,武进区（常州市人民政府门户发布）,https://www.changzhou.gov.cn/ns_news/478176818744328,2026-01-12,2026-09-04,政府公开报道,武进区2025年度交通网络与物流体系成果,交通线路、班次和物流服务须向运营方按实际需求核验
S019,常州天宁：整合政务资源 重塑服务流程 奋力书写掌上办增值化新答卷,常州市数据局（常州市政务服务管理办公室）,https://xzsp.changzhou.gov.cn/content/suitable/show?catid=10090&id=8044,2024-11-21,2026-09-04,政府公开报道,天宁区政务办理入口与流程服务线索,报道不保证当前入口可用、材料时限、项目资格或受理结果
S020,天宁区：生态空间提档升级 擦亮绿色幸福底色,天宁区（常州市人民政府门户发布）,https://www.changzhou.gov.cn/ns_news/425177440518866,2026-03-19,2026-09-04,政府公开报道,天宁区公园绿道与城市微更新公开进展,累计成果不代表项目周边实时可达、设施开放或个人服务资格
S021,天宁区：聚焦民生改善 办实事求实效,天宁区（常州市人民政府门户发布）,https://www.changzhou.gov.cn/ns_news/133176949607692,2026-01-26,2026-09-04,政府公开报道,天宁区2025年度道路桥梁和公交候车设施进展,通行条件、班次、车程和停车资源须按项目地址或实时导航另行核验
S022,常州市钟楼区2025年政府网站工作年度报表,钟楼区（常州市人民政府门户发布）,https://www.changzhou.gov.cn/ns_news/664176784041466,2026-01-08,2026-09-04,政府公开报告,钟楼区线上政务服务年度统计,2025年度统计不构成当前事项数量、办结时限、材料清单或项目适用性承诺
S023,钟楼区：织密住房保障网络 打造宜居宜业新高地,钟楼区（常州市人民政府门户发布）,https://www.changzhou.gov.cn/ns_news/240176913789979,2026-01-23,2026-09-04,政府公开报道,钟楼区住房保障人才安居与城市更新年度进展,不推断房源、补贴、资格、排队情况或企业人员可享服务
S024,钟楼区：多元发力撬动城市能级品质提升新格局,钟楼区（常州市人民政府门户发布）,https://www.changzhou.gov.cn/ns_news/13173926236676,2025-02-06,2026-09-04,政府公开报道,钟楼区道路桥梁与路网建设资料线索,文中2025年内容含计划，不代表已通车或实时通行车程
S025,溧阳市人民政府关于印发溧阳市政务服务事项应进必进工作规定的通知,溧阳市人民政府办公室,https://www.liyang.gov.cn/html/czly/2025/OPEHQFEL_0930/34023.html,2025-09-22,2026-09-04,政府文件,溧阳市政务服务大厅统一办理与办事指南制度依据,制度依据不等于具体事项、窗口安排、材料时限、线上可用性或项目准入承诺
S026,市政府关于印发2026年政府工作报告重点任务分解落实方案的通知,溧阳市政府办公室,https://www.liyang.gov.cn/html/czly/2026/OPEHQFEL_0420/34900.html,2026-04-10,2026-09-04,政府文件,溧阳市2026年公共服务任务与咨询线索,年度任务计划不等于已建成资源、实时床位学位、服务价格或个人资格
S027,交通概况,溧阳市人民政府,https://www.liyang.gov.cn/html/czly/2020/MKFCQEJN_0707/2228.html,2026-06-01,2026-09-04,政府公开资料,溧阳市高铁高速国省道水运等宏观交通要素,不能换算项目到站机场车程、物流时效、班次、通行状态或项目可用情况
S028,常州经济开发区政务服务中心,常州经开区管委会,https://jkq.changzhou.gov.cn/content/suitable/show?catid=35363&id=25260,2026-04-29,2026-09-04,政府服务页面,常州经开区政务服务中心与企业投资建设审批服务线索,服务介绍不保证项目适用、免费范围、具体事项数、材料时限或当天窗口安排
S029,经开区：强基固本筑健康 提档升级惠民生,常州经开区社会保障和卫生健康局,https://jkq.changzhou.gov.cn/html/jkq/2025/NAEFPAID_1219/38916.html,2025-12-19,2026-09-04,政府公开报道,常州经开区公共卫生托育老年健康和基层医疗年度进展,截至发布日的报道不等于当前容量、价格、覆盖范围、预约规则或申请资格
S030,通道变赛道 流量变留量,常州经开区（管委会门户）,https://jkq.changzhou.gov.cn/html/jkq/2026/PEKLPAJH_0529/39918.html,2026-05-29,2026-09-04,政府公开报道,常州经开区铁路高速航道与路网交通物流线索,严格区分既有和计划内容，不承诺未来通车、企业成本或地址级车程
